STATION,NAME,LATITUDE,LONGITUDE,ELEVATION,DATE,DEWP,DEWP_ATTRIBUTES,FRSHTT,FRSHTT_ATTRIBUTES,GUST,GUST_ATTRIBUTES,MAX,MAX_ATTRIBUTES,MIN,MIN_ATTRIBUTES,MXSPD,MXSPD_ATTRIBUTES,PRCP,PRCP_ATTRIBUTES,SLP,SLP_ATTRIBUTES,SNDP,SNDP_ATTRIBUTES,STP,STP_ATTRIBUTES,TEMP,TEMP_ATTRIBUTES
99495199999,"SEBASTIAN INLET STATE PARK, FL US",27.862,-80.445,10.0,2023-02-08,9999.9, 0,000000,,999.9,,  72.1,*,  67.8,*,999.9,, 0.00,I,1021.9,21,999.9,,999.9, 0,  70.8,23
99495199999,"SEBASTIAN INLET STATE PARK, FL US",27.862,-80.445,10.0,2023-02-09,9999.9, 0,000000,,999.9,,  73.6,*,  71.4,*,999.9,, 0.00,I,1019.2,24,999.9,,999.9, 0,  72.4,24
99495199999,"SEBASTIAN INLET STATE PARK, FL US",27.862,-80.445,10.0,2023-02-10,9999.9, 0,000000,,999.9,,  75.2,*,  67.6,*,999.9,, 0.00,I,1012.3,23,999.9,,999.9, 0,  72.3,24
99495199999,"SEBASTIAN INLET STATE PARK, FL US",27.862,-80.445,10.0,2023-02-11,9999.9, 0,000000,,999.9,,  80.6,*,  68.9,*,999.9,, 0.00,I,1006.4,24,999.9,,999.9, 0,  73.5,24
99495199999,"SEBASTIAN INLET STATE PARK, FL US",27.862,-80.445,10.0,2023-02-12,9999.9, 0,000000,,999.9,,  76.3,*,  62.2,*,999.9,, 0.00,I,1002.6,23,999.9,,999.9, 0,  69.7,24
99495199999,"SEBASTIAN INLET STATE PARK, FL US",27.862,-80.445,10.0,2023-02-13,9999.9, 0,000000,,999.9,,  65.7,*,  51.3,*,999.9,, 0.00,I,1009.3,24,999.9,,999.9, 0,  57.8,24
99495199999,"SEBASTIAN INLET STATE PARK, FL US",27.862,-80.445,10.0,2023-02-14,9999.9, 0,000000,,999.9,,  70.9,*,  55.6,*,999.9,, 0.00,I,1011.3,24,999.9,,999.9, 0,  62.6,24
99495199999,"SEBASTIAN INLET STATE PARK, FL US",27.862,-80.445,10.0,2023-02-15,9999.9, 0,000000,,999.9,,  73.2,*,  68.2,*,999.9,, 0.00,I,1012.6,24,999.9,,999.9, 0,  71.6,24
99495199999,"SEBASTIAN INLET STATE PARK, FL US",27.862,-80.445,10.0,2023-02-16,9999.9, 0,000000,,999.9,,  73.9,*,  70.7,*,999.9,, 0.00,I,1002.2,16,999.9,,999.9, 0,  72.7,18
99495199999,"SEBASTIAN INLET STATE PARK, FL US",27.862,-80.445,10.0,2023-02-17,9999.9, 0,000000,,999.9,,  83.5,*,  69.4,*,999.9,, 0.00,I, 984.9, 7,999.9,,999.9, 0,  75.3,24
99495199999,"SEBASTIAN INLET STATE PARK, FL US",27.862,-80.445,10.0,2023-02-18,9999.9, 0,000000,,999.9,,  78.8,*,  63.0,*,999.9,, 0.00,I,1017.6,22,999.9,,999.9, 0,  68.7,24
99495199999,"SEBASTIAN INLET STATE PARK, FL US",27.862,-80.445,10.0,2023-02-19,9999.9, 0,000000,,999.9,,  73.8,*,  68.5,*,999.9,, 0.00,I,1017.5,24,999.9,,999.9, 0,  71.5,24
99495199999,"SEBASTIAN INLET STATE PARK, FL US",27.862,-80.445,10.0,2023-02-20,9999.9, 0,000000,,999.9,,  80.8,*,  65.8,*,999.9,, 0.00,I,1014.3,21,999.9,,999.9, 0,  71.3,24
99495199999,"SEBASTIAN INLET STATE PARK, FL US",27.862,-80.445,10.0,2023-02-21,9999.9, 0,000000,,999.9,,  81.0,*,  63.7,*,999.9,, 0.00,I,1014.2,22,999.9,,999.9, 0,  71.6,23
99495199999,"SEBASTIAN INLET STATE PARK, FL US",27.862,-80.445,10.0,2023-02-22,9999.9, 0,000000,,999.9,,  77.7,*,  67.3,*,999.9,, 0.00,I,1016.9,23,999.9,,999.9, 0,  72.2,24
99495199999,"SEBASTIAN INLET STATE PARK, FL US",27.862,-80.445,10.0,2023-02-23,9999.9, 0,000000,,999.9,,  77.5,*,  72.0,*,999.9,, 0.00,I,1018.6,17,999.9,,999.9, 0,  74.6,17
99495199999,"SEBASTIAN INLET STATE PARK, FL US",27.862,-80.445,10.0,2023-02-24,9999.9, 0,000000,,999.9,,  75.6,*,  69.1,*,999.9,, 0.00,I,1020.8,24,999.9,,999.9, 0,  72.7,24
99495199999,"SEBASTIAN INLET STATE PARK, FL US",27.862,-80.445,10.0,2023-02-25,9999.9, 0,000000,,999.9,,  79.7,*,  69.4,*,999.9,, 0.00,I,1018.6,24,999.9,,999.9, 0,  73.8,24
99495199999,"SEBASTIAN INLET STATE PARK, FL US",27.862,-80.445,10.0,2023-02-26,9999.9, 0,000000,,999.9,,  75.4,*,  66.0,*,999.9,, 0.00,I,1014.9,24,999.9,,999.9, 0,  71.4,24
99495199999,"SEBASTIAN INLET STATE PARK, FL US",27.862,-80.445,10.0,2023-02-27,9999.9, 0,000000,,999.9,,  81.3,*,  63.7,*,999.9,, 0.00,I,1008.9,24,999.9,,999.9, 0,  72.2,24
99495199999,"SEBASTIAN INLET STATE PARK, FL US",27.862,-80.445,10.0,2023-02-28,9999.9, 0,000000,,999.9,,  78.6,*,  65.1,*,999.9,, 0.00,I,1000.5,18,999.9,,999.9, 0,  70.2,18
99495199999,"SEBASTIAN INLET STATE PARK, FL US",27.862,-80.445,10.0,2023-03-01,9999.9, 0,000000,,999.9,,  77.4,*,  63.7,*,999.9,, 0.00,I, 978.0,19,999.9,,999.9, 0,  69.7,24
99495199999,"SEBASTIAN INLET STATE PARK, FL US",27.862,-80.445,10.0,2023-03-02,9999.9, 0,000000,,999.9,,  76.6,*,  65.5,*,999.9,, 0.00,I,9999.9, 0,999.9,,999.9, 0,  71.1,21
99495199999,"SEBASTIAN INLET STATE PARK, FL US",27.862,-80.445,10.0,2023-03-03,9999.9, 0,000000,,999.9,,  85.5,*,  71.6,*,999.9,, 0.00,I,9999.9, 0,999.9,,999.9, 0,  82.3, 5
99495199999,"SEBASTIAN INLET STATE PARK, FL US",27.862,-80.445,10.0,2023-03-04,9999.9, 0,000000,,999.9,,  84.6,*,  71.4,*,999.9,, 0.00,I,9999.9, 0,999.9,,999.9, 0,  77.3,24
99495199999,"SEBASTIAN INLET STATE PARK, FL US",27.862,-80.445,10.0,2023-03-05,9999.9, 0,000000,,999.9,,  80.8,*,  69.3,*,999.9,, 0.00,I,9999.9, 0,999.9,,999.9, 0,  73.5,24
99495199999,"SEBASTIAN INLET STATE PARK, FL US",27.862,-80.445,10.0,2023-03-06,9999.9, 0,000000,,999.9,,  75.4,*,  73.2,*,999.9,, 0.00,I,9999.9, 0,999.9,,999.9, 0,  74.5,24
99495199999,"SEBASTIAN INLET STATE PARK, FL US",27.862,-80.445,10.0,2023-03-07,9999.9, 0,000000,,999.9,,  75.4,*,  69.8,*,999.9,, 0.00,I,9999.9, 0,999.9,,999.9, 0,  73.7,24
99495199999,"SEBASTIAN INLET STATE PARK, FL US",27.862,-80.445,10.0,2023-03-08,9999.9, 0,000000,,999.9,,  75.9,*,  68.4,*,999.9,, 0.00,I,9999.9, 0,999.9,,999.9, 0,  72.8,24
99495199999,"SEBASTIAN INLET STATE PARK, FL US",27.862,-80.445,10.0,2023-03-09,9999.9, 0,000000,,999.9,,  73.9,*,  69.4,*,999.9,, 0.00,I,9999.9, 0,999.9,,999.9, 0,  70.8,24
99495199999,"SEBASTIAN INLET STATE PARK, FL US",27.862,-80.445,10.0,2023-03-10,9999.9, 0,000000,,999.9,,  79.9,*,  66.2,*,999.9,, 0.00,I,9999.9, 0,999.9,,999.9, 0,  72.5,24
99495199999,"SEBASTIAN INLET STATE PARK, FL US",27.862,-80.445,10.0,2023-03-11,9999.9, 0,000000,,999.9,,  77.2,*,  67.6,*,999.9,, 0.00,I,9999.9, 0,999.9,,999.9, 0,  70.8,24
99495199999,"SEBASTIAN INLET STATE PARK, FL US",27.862,-80.445,10.0,2023-03-12,9999.9, 0,000000,,999.9,,  82.2,*,  65.1,*,999.9,, 0.00,I,9999.9, 0,999.9,,999.9, 0,  71.7,24
99495199999,"SEBASTIAN INLET STATE PARK, FL US",27.862,-80.445,10.0,2023-03-13,9999.9, 0,000000,,999.9,,  80.8,*,  69.1,*,999.9,, 0.00,I,9999.9, 0,999.9,,999.9, 0,  73.5,23
99495199999,"SEBASTIAN INLET STATE PARK, FL US",27.862,-80.445,10.0,2023-03-14,9999.9, 0,000000,,999.9,,  72.1,*,  63.7,*,999.9,, 0.00,I,9999.9, 0,999.9,,999.9, 0,  67.4,24
99495199999,"SEBASTIAN INLET STATE PARK, FL US",27.862,-80.445,10.0,2023-03-15,9999.9, 0,000000,,999.9,,  65.3,*,  60.4,*,999.9,, 0.00,I,9999.9, 0,999.9,,999.9, 0,  64.1,24
99495199999,"SEBASTIAN INLET STATE PARK, FL US",27.862,-80.445,10.0,2023-03-16,9999.9, 0,000000,,999.9,,  68.0,*,  64.8,*,999.9,, 0.00,I,9999.9, 0,999.9,,999.9, 0,  66.4,17
99495199999,"SEBASTIAN INLET STATE PARK, FL US",27.862,-80.445,10.0,2023-03-17,9999.9, 0,000000,,999.9,,  73.9,*,  63.7,*,999.9,, 0.00,I,9999.9, 0,999.9,,999.9, 0,  68.4,24
99495199999,"SEBASTIAN INLET STATE PARK, FL US",27.862,-80.445,10.0,2023-03-18,9999.9, 0,000000,,999.9,,  82.9,*,  66.2,*,999.9,, 0.00,I,9999.9, 0,999.9,,999.9, 0,  73.5,24
99495199999,"SEBASTIAN INLET STATE PARK, FL US",27.862,-80.445,10.0,2023-03-19,9999.9, 0,000000,,999.9,,  75.0,*,  56.8,*,999.9,, 0.00,I,9999.9, 0,999.9,,999.9, 0,  63.2,23
99495199999,"SEBASTIAN INLET STATE PARK, FL US",27.862,-80.445,10.0,2023-03-20,9999.9, 0,000000,,999.9,,  63.1,*,  55.8,*,999.9,, 0.00,I,9999.9, 0,999.9,,999.9, 0,  60.4,24
99495199999,"SEBASTIAN INLET STATE PARK, FL US",27.862,-80.445,10.0,2023-03-21,9999.9, 0,000000,,999.9,,  69.6,*,  53.4,*,999.9,, 0.00,I,9999.9, 0,999.9,,999.9, 0,  60.9,22
99495199999,"SEBASTIAN INLET STATE PARK, FL US",27.862,-80.445,10.0,2023-03-22,9999.9, 0,000000,,999.9,,  72.5,*,  69.4,*,999.9,, 0.00,I,9999.9, 0,999.9,,999.9, 0,  71.4,24
99495199999,"SEBASTIAN INLET STATE PARK, FL US",27.862,-80.445,10.0,2023-03-23,9999.9, 0,000000,,999.9,,  72.5,*,  71.1,*,999.9,, 0.00,I,9999.9, 0,999.9,,999.9, 0,  71.9,24
99495199999,"SEBASTIAN INLET STATE PARK, FL US",27.862,-80.445,10.0,2023-03-24,9999.9, 0,000000,,999.9,,  77.9,*,  68.2,*,999.9,, 0.00,I,9999.9, 0,999.9,,999.9, 0,  72.3,24
99495199999,"SEBASTIAN INLET STATE PARK, FL US",27.862,-80.445,10.0,2023-03-25,9999.9, 0,000000,,999.9,,  82.0,*,  69.6,*,999.9,, 0.00,I,9999.9, 0,999.9,,999.9, 0,  74.1,24
99495199999,"SEBASTIAN INLET STATE PARK, FL US",27.862,-80.445,10.0,2023-03-26,9999.9, 0,000000,,999.9,,  76.3,*,  72.3,*,999.9,, 0.00,I,9999.9, 0,999.9,,999.9, 0,  74.9,24
99495199999,"SEBASTIAN INLET STATE PARK, FL US",27.862,-80.445,10.0,2023-03-27,9999.9, 0,000000,,999.9,,  81.1,*,  72.1,*,999.9,, 0.00,I,9999.9, 0,999.9,,999.9, 0,  75.7,24
99495199999,"SEBASTIAN INLET STATE PARK, FL US",27.862,-80.445,10.0,2023-03-28,9999.9, 0,000000,,999.9,,  76.6,*,  70.2,*,999.9,, 0.00,I,9999.9, 0,999.9,,999.9, 0,  74.9,24
99495199999,"SEBASTIAN INLET STATE PARK, FL US",27.862,-80.445,10.0,2023-03-29,9999.9, 0,000000,,999.9,,  77.0,*,  71.1,*,999.9,, 0.00,I,9999.9, 0,999.9,,999.9, 0,  72.3, 9
99495199999,"SEBASTIAN INLET STATE PARK, FL US",27.862,-80.445,10.0,2023-03-30,9999.9, 0,000000,,999.9,,  73.2,*,  70.3,*,999.9,, 0.00,I,9999.9, 0,999.9,,999.9, 0,  71.9,23
99495199999,"SEBASTIAN INLET STATE PARK, FL US",27.862,-80.445,10.0,2023-03-31,9999.9, 0,000000,,999.9,,  75.0,*,  73.0,*,999.9,, 0.00,I,9999.9, 0,999.9,,999.9, 0,  74.0,24
99495199999,"SEBASTIAN INLET STATE PARK, FL US",27.862,-80.445,10.0,2023-04-01,9999.9, 0,000000,,999.9,,  83.1,*,  70.9,*,999.9,, 0.00,I,9999.9, 0,999.9,,999.9, 0,  75.9,24
99495199999,"SEBASTIAN INLET STATE PARK, FL US",27.862,-80.445,10.0,2023-04-02,9999.9, 0,000000,,999.9,,  81.0,*,  70.0,*,999.9,, 0.00,I,9999.9, 0,999.9,,999.9, 0,  74.5,24
99495199999,"SEBASTIAN INLET STATE PARK, FL US",27.862,-80.445,10.0,2023-04-03,9999.9, 0,000000,,999.9,,  77.4,*,  75.6,*,999.9,, 0.00,I,9999.9, 0,999.9,,999.9, 0,  76.3,24
99495199999,"SEBASTIAN INLET STATE PARK, FL US",27.862,-80.445,10.0,2023-04-04,9999.9, 0,000000,,999.9,,  77.7,*,  71.8,*,999.9,, 0.00,I,9999.9, 0,999.9,,999.9, 0,  75.7,24
99495199999,"SEBASTIAN INLET STATE PARK, FL US",27.862,-80.445,10.0,2023-04-05,9999.9, 0,000000,,999.9,,  77.2,*,  76.1,*,999.9,, 0.00,I,9999.9, 0,999.9,,999.9, 0,  76.8,24
99495199999,"SEBASTIAN INLET STATE PARK, FL US",27.862,-80.445,10.0,2023-04-06,9999.9, 0,000000,,999.9,,  77.2,*,  76.1,*,999.9,, 0.00,I,9999.9, 0,999.9,,999.9, 0,  76.6,24
99495199999,"SEBASTIAN INLET STATE PARK, FL US",27.862,-80.445,10.0,2023-04-07,9999.9, 0,000000,,999.9,,  76.8,*,  75.9,*,999.9,, 0.00,I,9999.9, 0,999.9,,999.9, 0,  76.2,24
99495199999,"SEBASTIAN INLET STATE PARK, FL US",27.862,-80.445,10.0,2023-04-08,9999.9, 0,000000,,999.9,,  77.2,*,  74.7,*,999.9,, 0.00,I,9999.9, 0,999.9,,999.9, 0,  76.0,24
99495199999,"SEBASTIAN INLET STATE PARK, FL US",27.862,-80.445,10.0,2023-04-09,9999.9, 0,000000,,999.9,,  77.0,*,  70.2,*,999.9,, 0.00,I,9999.9, 0,999.9,,999.9, 0,  72.8,24
99495199999,"SEBASTIAN INLET STATE PARK, FL US",27.862,-80.445,10.0,2023-04-10,9999.9, 0,000000,,999.9,,  73.6,*,  69.4,*,999.9,, 0.00,I,9999.9, 0,999.9,,999.9, 0,  71.7,24
99495199999,"SEBASTIAN INLET STATE PARK, FL US",27.862,-80.445,10.0,2023-04-11,9999.9, 0,000000,,999.9,,  73.4,*,  71.4,*,999.9,, 0.00,I,9999.9, 0,999.9,,999.9, 0,  72.1,23
99495199999,"SEBASTIAN INLET STATE PARK, FL US",27.862,-80.445,10.0,2023-04-12,9999.9, 0,000000,,999.9,,  73.0,*,  71.4,*,999.9,, 0.00,I,9999.9, 0,999.9,,999.9, 0,  72.3,24
99495199999,"SEBASTIAN INLET STATE PARK, FL US",27.862,-80.445,10.0,2023-04-13,9999.9, 0,000000,,999.9,,  80.2,*,  72.7,*,999.9,, 0.00,I,9999.9, 0,999.9,,999.9, 0,  74.9,24
99495199999,"SEBASTIAN INLET STATE PARK, FL US",27.862,-80.445,10.0,2023-04-14,9999.9, 0,000000,,999.9,,  77.0,*,  70.5,*,999.9,, 0.00,I,9999.9, 0,999.9,,999.9, 0,  73.9,24
99495199999,"SEBASTIAN INLET STATE PARK, FL US",27.862,-80.445,10.0,2023-04-15,9999.9, 0,000000,,999.9,,  78.4,*,  71.4,*,999.9,, 0.00,I,9999.9, 0,999.9,,999.9, 0,  75.3,24
99495199999,"SEBASTIAN INLET STATE PARK, FL US",27.862,-80.445,10.0,2023-04-16,9999.9, 0,000000,,999.9,,  78.1,*,  69.4,*,999.9,, 0.00,I,9999.9, 0,999.9,,999.9, 0,  74.5,23
99495199999,"SEBASTIAN INLET STATE PARK, FL US",27.862,-80.445,10.0,2023-04-17,9999.9, 0,000000,,999.9,,  73.0,*,  68.9,*,999.9,, 0.00,I,9999.9, 0,999.9,,999.9, 0,  70.6,24
99495199999,"SEBASTIAN INLET STATE PARK, FL US",27.862,-80.445,10.0,2023-04-18,9999.9, 0,000000,,999.9,,  72.9,*,  63.5,*,999.9,, 0.00,I,9999.9, 0,999.9,,999.9, 0,  69.8,24
99495199999,"SEBASTIAN INLET STATE PARK, FL US",27.862,-80.445,10.0,2023-04-19,9999.9, 0,000000,,999.9,,  74.3,*,  70.9,*,999.9,, 0.00,I,9999.9, 0,999.9,,999.9, 0,  73.2,24
99495199999,"SEBASTIAN INLET STATE PARK, FL US",27.862,-80.445,10.0,2023-04-20,9999.9, 0,000000,,999.9,,  75.0,*,  73.0,*,999.9,, 0.00,I,9999.9, 0,999.9,,999.9, 0,  74.0,24
99495199999,"SEBASTIAN INLET STATE PARK, FL US",27.862,-80.445,10.0,2023-04-21,9999.9, 0,000000,,999.9,,  76.3,*,  74.5,*,999.9,, 0.00,I,9999.9, 0,999.9,,999.9, 0,  75.3,24
99495199999,"SEBASTIAN INLET STATE PARK, FL US",27.862,-80.445,10.0,2023-04-22,9999.9, 0,000000,,999.9,,  76.8,*,  70.5,*,999.9,, 0.00,I,9999.9, 0,999.9,,999.9, 0,  75.0,24
99495199999,"SEBASTIAN INLET STATE PARK, FL US",27.862,-80.445,10.0,2023-04-23,9999.9, 0,000000,,999.9,,  77.5,*,  70.7,*,999.9,, 0.00,I,9999.9, 0,999.9,,999.9, 0,  74.6,23
99495199999,"SEBASTIAN INLET STATE PARK, FL US",27.862,-80.445,10.0,2023-04-24,9999.9, 0,000000,,999.9,,  76.3,*,  72.7,*,999.9,, 0.00,I,9999.9, 0,999.9,,999.9, 0,  74.8,24
99495199999,"SEBASTIAN INLET STATE PARK, FL US",27.862,-80.445,10.0,2023-04-25,9999.9, 0,000000,,999.9,,  76.3,*,  72.5,*,999.9,, 0.00,I,9999.9, 0,999.9,,999.9, 0,  74.6,24
99495199999,"SEBASTIAN INLET STATE PARK, FL US",27.862,-80.445,10.0,2023-04-26,9999.9, 0,000000,,999.9,,  76.8,*,  72.3,*,999.9,, 0.00,I,9999.9, 0,999.9,,999.9, 0,  75.3,24
99495199999,"SEBASTIAN INLET STATE PARK, FL US",27.862,-80.445,10.0,2023-04-27,9999.9, 0,000000,,999.9,,  77.9,*,  72.3,*,999.9,, 0.00,I,9999.9, 0,999.9,,999.9, 0,  76.0,24
99495199999,"SEBASTIAN INLET STATE PARK, FL US",27.862,-80.445,10.0,2023-04-28,9999.9, 0,000000,,999.9,,  84.2,*,  67.6,*,999.9,, 0.00,I,9999.9, 0,999.9,,999.9, 0,  74.9,24
99495199999,"SEBASTIAN INLET STATE PARK, FL US",27.862,-80.445,10.0,2023-04-29,9999.9, 0,000000,,999.9,,  82.0,*,  73.8,*,999.9,, 0.00,I,9999.9, 0,999.9,,999.9, 0,  76.9,24
99495199999,"SEBASTIAN INLET STATE PARK, FL US",27.862,-80.445,10.0,2023-04-30,9999.9, 0,000000,,999.9,,  79.9,*,  74.1,*,999.9,, 0.00,I,9999.9, 0,999.9,,999.9, 0,  77.2,24
99495199999,"SEBASTIAN INLET STATE PARK, FL US",27.862,-80.445,10.0,2023-05-01,9999.9, 0,000000,,999.9,,  83.7,*,  64.4,*,999.9,, 0.00,I,9999.9, 0,999.9,,999.9, 0,  71.6,24
99495199999,"SEBASTIAN INLET STATE PARK, FL US",27.862,-80.445,10.0,2023-05-02,9999.9, 0,000000,,999.9,,  84.9,*,  66.4,*,999.9,, 0.00,I,9999.9, 0,999.9,,999.9, 0,  75.4,21
99495199999,"SEBASTIAN INLET STATE PARK, FL US",27.862,-80.445,10.0,2023-05-03,9999.9, 0,000000,,999.9,,  81.5,*,  67.3,*,999.9,, 0.00,I,9999.9, 0,999.9,,999.9, 0,  74.4,24
99495199999,"SEBASTIAN INLET STATE PARK, FL US",27.862,-80.445,10.0,2023-05-04,9999.9, 0,000000,,999.9,,  80.2,*,  65.5,*,999.9,, 0.00,I,9999.9, 0,999.9,,999.9, 0,  71.8,24
99495199999,"SEBASTIAN INLET STATE PARK, FL US",27.862,-80.445,10.0,2023-05-05,9999.9, 0,000000,,999.9,,  76.5,*,  72.7,*,999.9,, 0.00,I,9999.9, 0,999.9,,999.9, 0,  75.7,24
99495199999,"SEBASTIAN INLET STATE PARK, FL US",27.862,-80.445,10.0,2023-05-06,9999.9, 0,000000,,999.9,,  76.1,*,  75.0,*,999.9,, 0.00,I,9999.9, 0,999.9,,999.9, 0,  75.6,15
99495199999,"SEBASTIAN INLET STATE PARK, FL US",27.862,-80.445,10.0,2023-05-18,9999.9, 0,000000,,999.9,,  79.3,*,  77.9,*,999.9,, 0.00,I,9999.9, 0,999.9,,999.9, 0,  78.6, 6
99495199999,"SEBASTIAN INLET STATE PARK, FL US",27.862,-80.445,10.0,2023-05-19,9999.9, 0,000000,,999.9,,  80.2,*,  73.0,*,999.9,, 0.00,I,9999.9, 0,999.9,,999.9, 0,  76.8,24
99495199999,"SEBASTIAN INLET STATE PARK, FL US",27.862,-80.445,10.0,2023-05-20,9999.9, 0,000000,,999.9,,  80.4,*,  75.9,*,999.9,, 0.00,I,9999.9, 0,999.9,,999.9, 0,  78.9,24
99495199999,"SEBASTIAN INLET STATE PARK, FL US",27.862,-80.445,10.0,2023-05-21,9999.9, 0,000000,,999.9,,  79.7,*,  76.3,*,999.9,, 0.00,I,9999.9, 0,999.9,,999.9, 0,  79.0,24
99495199999,"SEBASTIAN INLET STATE PARK, FL US",27.862,-80.445,10.0,2023-05-22,9999.9, 0,000000,,999.9,,  80.1,*,  76.3,*,999.9,, 0.00,I,9999.9, 0,999.9,,999.9, 0,  78.9,24
99495199999,"SEBASTIAN INLET STATE PARK, FL US",27.862,-80.445,10.0,2023-05-23,9999.9, 0,000000,,999.9,,  79.9,*,  72.5,*,999.9,, 0.00,I,9999.9, 0,999.9,,999.9, 0,  76.9,22
99495199999,"SEBASTIAN INLET STATE PARK, FL US",27.862,-80.445,10.0,2023-05-24,9999.9, 0,000000,,999.9,,  80.1,*,  74.7,*,999.9,, 0.00,I,9999.9, 0,999.9,,999.9, 0,  76.6,24
99495199999,"SEBASTIAN INLET STATE PARK, FL US",27.862,-80.445,10.0,2023-05-25,9999.9, 0,000000,,999.9,,  77.4,*,  74.3,*,999.9,, 0.00,I,9999.9, 0,999.9,,999.9, 0,  76.3,23
99495199999,"SEBASTIAN INLET STATE PARK, FL US",27.862,-80.445,10.0,2023-05-26,9999.9, 0,000000,,999.9,,  77.2,*,  72.1,*,999.9,, 0.00,I,9999.9, 0,999.9,,999.9, 0,  75.8,24
99495199999,"SEBASTIAN INLET STATE PARK, FL US",27.862,-80.445,10.0,2023-05-27,9999.9, 0,000000,,999.9,,  76.5,*,  66.9,*,999.9,, 0.00,I,9999.9, 0,999.9,,999.9, 0,  71.8,24
99495199999,"SEBASTIAN INLET STATE PARK, FL US",27.862,-80.445,10.0,2023-05-28,9999.9, 0,000000,,999.9,,  76.6,*,  73.0,*,999.9,, 0.00,I,9999.9, 0,999.9,,999.9, 0,  74.3,24
99495199999,"SEBASTIAN INLET STATE PARK, FL US",27.862,-80.445,10.0,2023-05-29,9999.9, 0,000000,,999.9,,  78.6,*,  75.0,*,999.9,, 0.00,I,9999.9, 0,999.9,,999.9, 0,  77.1,24
99495199999,"SEBASTIAN INLET STATE PARK, FL US",27.862,-80.445,10.0,2023-05-30,9999.9, 0,000000,,999.9,,  79.5,*,  72.1,*,999.9,, 0.00,I,9999.9, 0,999.9,,999.9, 0,  77.8,24
99495199999,"SEBASTIAN INLET STATE PARK, FL US",27.862,-80.445,10.0,2023-05-31,9999.9, 0,000000,,999.9,,  79.2,*,  75.7,*,999.9,, 0.00,I,9999.9, 0,999.9,,999.9, 0,  78.1,24
99495199999,"SEBASTIAN INLET STATE PARK, FL US",27.862,-80.445,10.0,2023-06-01,9999.9, 0,000000,,999.9,,  78.3,*,  75.6,*,999.9,, 0.00,I,9999.9, 0,999.9,,999.9, 0,  77.2,23
99495199999,"SEBASTIAN INLET STATE PARK, FL US",27.862,-80.445,10.0,2023-06-02,9999.9, 0,000000,,999.9,,  79.2,*,  73.6,*,999.9,, 0.00,I,9999.9, 0,999.9,,999.9, 0,  76.9,24
99495199999,"SEBASTIAN INLET STATE PARK, FL US",27.862,-80.445,10.0,2023-06-03,9999.9, 0,000000,,999.9,,  79.2,*,  72.3,*,999.9,, 0.00,I,9999.9, 0,999.9,,999.9, 0,  76.6,24
99495199999,"SEBASTIAN INLET STATE PARK, FL US",27.862,-80.445,10.0,2023-06-04,9999.9, 0,000000,,999.9,,  78.4,*,  76.1,*,999.9,, 0.00,I,9999.9, 0,999.9,,999.9, 0,  77.5,24
99495199999,"SEBASTIAN INLET STATE PARK, FL US",27.862,-80.445,10.0,2023-06-05,9999.9, 0,000000,,999.9,,  78.6,*,  74.7,*,999.9,, 0.00,I,9999.9, 0,999.9,,999.9, 0,  77.4,24
99495199999,"SEBASTIAN INLET STATE PARK, FL US",27.862,-80.445,10.0,2023-06-06,9999.9, 0,000000,,999.9,,  78.1,*,  76.3,*,999.9,, 0.00,I,9999.9, 0,999.9,,999.9, 0,  77.4,24
99495199999,"SEBASTIAN INLET STATE PARK, FL US",27.862,-80.445,10.0,2023-06-07,9999.9, 0,000000,,999.9,,  81.9,*,  76.8,*,999.9,, 0.00,I,9999.9, 0,999.9,,999.9, 0,  78.8,24
99495199999,"SEBASTIAN INLET STATE PARK, FL US",27.862,-80.445,10.0,2023-06-08,9999.9, 0,000000,,999.9,,  82.2,*,  74.1,*,999.9,, 0.00,I,9999.9, 0,999.9,,999.9, 0,  77.1,23
99495199999,"SEBASTIAN INLET STATE PARK, FL US",27.862,-80.445,10.0,2023-06-09,9999.9, 0,000000,,999.9,,  83.1,*,  74.3,*,999.9,, 0.00,I,9999.9, 0,999.9,,999.9, 0,  78.1,24
99495199999,"SEBASTIAN INLET STATE PARK, FL US",27.862,-80.445,10.0,2023-06-10,9999.9, 0,000000,,999.9,,  81.0,*,  72.7,*,999.9,, 0.00,I,9999.9, 0,999.9,,999.9, 0,  76.8,24
99495199999,"SEBASTIAN INLET STATE PARK, FL US",27.862,-80.445,10.0,2023-06-11,9999.9, 0,000000,,999.9,,  82.2,*,  75.0,*,999.9,, 0.00,I,9999.9, 0,999.9,,999.9, 0,  79.4,24
99495199999,"SEBASTIAN INLET STATE PARK, FL US",27.862,-80.445,10.0,2023-06-12,9999.9, 0,000000,,999.9,,  87.8,*,  76.1,*,999.9,, 0.00,I,9999.9, 0,999.9,,999.9, 0,  80.2,24
99495199999,"SEBASTIAN INLET STATE PARK, FL US",27.862,-80.445,10.0,2023-06-13,9999.9, 0,000000,,999.9,,  87.6,*,  75.7,*,999.9,, 0.00,I,9999.9, 0,999.9,,999.9, 0,  81.1,24
99495199999,"SEBASTIAN INLET STATE PARK, FL US",27.862,-80.445,10.0,2023-06-14,9999.9, 0,000000,,999.9,,  80.8,*,  75.4,*,999.9,, 0.00,I,9999.9, 0,999.9,,999.9, 0,  77.0,13
99495199999,"SEBASTIAN INLET STATE PARK, FL US",27.862,-80.445,10.0,2023-06-15,9999.9, 0,000000,,999.9,,  90.7,*,  85.5,*,999.9,, 0.00,I,9999.9, 0,999.9,,999.9, 0,  89.2, 8
99495199999,"SEBASTIAN INLET STATE PARK, FL US",27.862,-80.445,10.0,2023-06-16,9999.9, 0,000000,,999.9,,  89.2,*,  75.7,*,999.9,, 0.00,I,9999.9, 0,999.9,,999.9, 0,  81.5,22
99495199999,"SEBASTIAN INLET STATE PARK, FL US",27.862,-80.445,10.0,2023-06-17,9999.9, 0,000000,,999.9,,  84.0,*,  72.7,*,999.9,, 0.00,I,9999.9, 0,999.9,,999.9, 0,  78.2,23
99495199999,"SEBASTIAN INLET STATE PARK, FL US",27.862,-80.445,10.0,2023-06-18,9999.9, 0,000000,,999.9,,  82.6,*,  72.1,*,999.9,, 0.00,I,9999.9, 0,999.9,,999.9, 0,  76.1,13
99495199999,"SEBASTIAN INLET STATE PARK, FL US",27.862,-80.445,10.0,2023-06-20,9999.9, 0,000000,,999.9,,  86.2,*,  72.3,*,999.9,, 0.00,I,9999.9, 0,999.9,,999.9, 0,  77.7,13
99495199999,"SEBASTIAN INLET STATE PARK, FL US",27.862,-80.445,10.0,2023-06-21,9999.9, 0,000000,,999.9,,  83.1,*,  71.8,*,999.9,, 0.00,I,9999.9, 0,999.9,,999.9, 0,  75.9,24
99495199999,"SEBASTIAN INLET STATE PARK, FL US",27.862,-80.445,10.0,2023-06-22,9999.9, 0,000000,,999.9,,  82.0,*,  71.6,*,999.9,, 0.00,I,9999.9, 0,999.9,,999.9, 0,  77.8,22
99495199999,"SEBASTIAN INLET STATE PARK, FL US",27.862,-80.445,10.0,2023-06-23,9999.9, 0,000000,,999.9,,  83.1,*,  78.6,*,999.9,, 0.00,I,9999.9, 0,999.9,,999.9, 0,  80.0,22
99495199999,"SEBASTIAN INLET STATE PARK, FL US",27.862,-80.445,10.0,2023-06-24,9999.9, 0,000000,,999.9,,  83.1,*,  75.4,*,999.9,, 0.00,I,9999.9, 0,999.9,,999.9, 0,  77.7,14
99495199999,"SEBASTIAN INLET STATE PARK, FL US",27.862,-80.445,10.0,2023-06-25,9999.9, 0,000000,,999.9,,  81.0,*,  77.4,*,999.9,, 0.00,I,9999.9, 0,999.9,,999.9, 0,  80.4, 7
99495199999,"SEBASTIAN INLET STATE PARK, FL US",27.862,-80.445,10.0,2023-06-26,9999.9, 0,000000,,999.9,,  83.5,*,  74.3,*,999.9,, 0.00,I,9999.9, 0,999.9,,999.9, 0,  79.5,18
99495199999,"SEBASTIAN INLET STATE PARK, FL US",27.862,-80.445,10.0,2023-06-27,9999.9, 0,000000,,999.9,,  88.2,*,  76.5,*,999.9,, 0.00,I,9999.9, 0,999.9,,999.9, 0,  82.5,18
99495199999,"SEBASTIAN INLET STATE PARK, FL US",27.862,-80.445,10.0,2023-06-28,9999.9, 0,000000,,999.9,,  88.0,*,  76.5,*,999.9,, 0.00,I,9999.9, 0,999.9,,999.9, 0,  82.2,18
99495199999,"SEBASTIAN INLET STATE PARK, FL US",27.862,-80.445,10.0,2023-06-29,9999.9, 0,000000,,999.9,,  82.6,*,  76.6,*,999.9,, 0.00,I,9999.9, 0,999.9,,999.9, 0,  80.3,19
99495199999,"SEBASTIAN INLET STATE PARK, FL US",27.862,-80.445,10.0,2023-06-30,9999.9, 0,000000,,999.9,,  82.4,*,  81.3,*,999.9,, 0.00,I,9999.9, 0,999.9,,999.9, 0,  81.9,19
99495199999,"SEBASTIAN INLET STATE PARK, FL US",27.862,-80.445,10.0,2023-07-01,9999.9, 0,000000,,999.9,,  82.8,*,  81.1,*,999.9,, 0.00,I,9999.9, 0,999.9,,999.9, 0,  81.9,12
99495199999,"SEBASTIAN INLET STATE PARK, FL US",27.862,-80.445,10.0,2023-07-04,9999.9, 0,000000,,999.9,,  84.9,*,  81.7,*,999.9,, 0.00,I,9999.9, 0,999.9,,999.9, 0,  83.4, 9
99495199999,"SEBASTIAN INLET STATE PARK, FL US",27.862,-80.445,10.0,2023-07-05,9999.9, 0,000000,,999.9,,  85.1,*,  83.7,*,999.9,, 0.00,I,9999.9, 0,999.9,,999.9, 0,  84.4,11
99495199999,"SEBASTIAN INLET STATE PARK, FL US",27.862,-80.445,10.0,2023-07-06,9999.9, 0,000000,,999.9,,  87.6,*,  82.6,*,999.9,, 0.00,I,9999.9, 0,999.9,,999.9, 0,  84.6, 9
99495199999,"SEBASTIAN INLET STATE PARK, FL US",27.862,-80.445,10.0,2023-07-07,9999.9, 0,000000,,999.9,,  86.5,*,  75.6,*,999.9,, 0.00,I,9999.9, 0,999.9,,999.9, 0,  79.9,17
99495199999,"SEBASTIAN INLET STATE PARK, FL US",27.862,-80.445,10.0,2023-07-08,9999.9, 0,000000,,999.9,,  87.4,*,  76.6,*,999.9,, 0.00,I,9999.9, 0,999.9,,999.9, 0,  79.9,23
99495199999,"SEBASTIAN INLET STATE PARK, FL US",27.862,-80.445,10.0,2023-07-09,9999.9, 0,000000,,999.9,,  90.9,*,  75.9,*,999.9,, 0.00,I,9999.9, 0,999.9,,999.9, 0,  81.4,23
99495199999,"SEBASTIAN INLET STATE PARK, FL US",27.862,-80.445,10.0,2023-07-10,9999.9, 0,000000,,999.9,,  90.3,*,  77.2,*,999.9,, 0.00,I,9999.9, 0,999.9,,999.9, 0,  81.6,24
99495199999,"SEBASTIAN INLET STATE PARK, FL US",27.862,-80.445,10.0,2023-07-11,9999.9, 0,000000,,999.9,,  90.0,*,  77.2,*,999.9,, 0.00,I,9999.9, 0,999.9,,999.9, 0,  81.2,23
99495199999,"SEBASTIAN INLET STATE PARK, FL US",27.862,-80.445,10.0,2023-07-12,9999.9, 0,000000,,999.9,,  83.8,*,  79.7,*,999.9,, 0.00,I,9999.9, 0,999.9,,999.9, 0,  82.3,23
99495199999,"SEBASTIAN INLET STATE PARK, FL US",27.862,-80.445,10.0,2023-07-13,9999.9, 0,000000,,999.9,,  84.9,*,  75.6,*,999.9,, 0.00,I,9999.9, 0,999.9,,999.9, 0,  82.2,24
99495199999,"SEBASTIAN INLET STATE PARK, FL US",27.862,-80.445,10.0,2023-07-14,9999.9, 0,000000,,999.9,,  84.7,*,  75.0,*,999.9,, 0.00,I,9999.9, 0,999.9,,999.9, 0,  80.8,24
99495199999,"SEBASTIAN INLET STATE PARK, FL US",27.862,-80.445,10.0,2023-07-15,9999.9, 0,000000,,999.9,,  86.2,*,  77.2,*,999.9,, 0.00,I,9999.9, 0,999.9,,999.9, 0,  81.4,24
99495199999,"SEBASTIAN INLET STATE PARK, FL US",27.862,-80.445,10.0,2023-07-16,9999.9, 0,000000,,999.9,,  88.7,*,  78.6,*,999.9,, 0.00,I,9999.9, 0,999.9,,999.9, 0,  80.7,22
99495199999,"SEBASTIAN INLET STATE PARK, FL US",27.862,-80.445,10.0,2023-07-17,9999.9, 0,000000,,999.9,,  87.8,*,  73.2,*,999.9,, 0.00,I,9999.9, 0,999.9,,999.9, 0,  79.8,23
99495199999,"SEBASTIAN INLET STATE PARK, FL US",27.862,-80.445,10.0,2023-07-18,9999.9, 0,000000,,999.9,,  87.4,*,  75.0,*,999.9,, 0.00,I,9999.9, 0,999.9,,999.9, 0,  78.9,23
99495199999,"SEBASTIAN INLET STATE PARK, FL US",27.862,-80.445,10.0,2023-07-19,9999.9, 0,000000,,999.9,,  84.2,*,  77.4,*,999.9,, 0.00,I,9999.9, 0,999.9,,999.9, 0,  80.9,24
99495199999,"SEBASTIAN INLET STATE PARK, FL US",27.862,-80.445,10.0,2023-07-20,9999.9, 0,000000,,999.9,,  83.5,*,  81.3,*,999.9,, 0.00,I,9999.9, 0,999.9,,999.9, 0,  82.8,10
99495199999,"SEBASTIAN INLET STATE PARK, FL US",27.862,-80.445,10.0,2023-07-26,9999.9, 0,000000,,999.9,,  83.5,*,  82.0,*,999.9,, 0.00,I,9999.9, 0,999.9,,999.9, 0,  82.6, 7
99495199999,"SEBASTIAN INLET STATE PARK, FL US",27.862,-80.445,10.0,2023-07-27,9999.9, 0,000000,,999.9,,  84.0,*,  79.2,*,999.9,, 0.00,I,9999.9, 0,999.9,,999.9, 0,  82.7, 7
99495199999,"SEBASTIAN INLET STATE PARK, FL US",27.862,-80.445,10.0,2023-07-31,9999.9, 0,000000,,999.9,,  85.3,*,  73.6,*,999.9,, 0.00,I,9999.9, 0,999.9,,999.9, 0,  82.5,10
99495199999,"SEBASTIAN INLET STATE PARK, FL US",27.862,-80.445,10.0,2023-08-01,9999.9, 0,000000,,999.9,,  79.2,*,  77.0,*,999.9,, 0.00,I,9999.9, 0,999.9,,999.9, 0,  78.1, 5
99495199999,"SEBASTIAN INLET STATE PARK, FL US",27.862,-80.445,10.0,2023-08-02,9999.9, 0,000000,,999.9,,  84.6,*,  77.2,*,999.9,, 0.00,I,9999.9, 0,999.9,,999.9, 0,  82.1, 8
99495199999,"SEBASTIAN INLET STATE PARK, FL US",27.862,-80.445,10.0,2023-08-03,9999.9, 0,000000,,999.9,,  84.2,*,  82.8,*,999.9,, 0.00,I,9999.9, 0,999.9,,999.9, 0,  83.4,17
99495199999,"SEBASTIAN INLET STATE PARK, FL US",27.862,-80.445,10.0,2023-08-04,9999.9, 0,000000,,999.9,,  84.4,*,  80.8,*,999.9,, 0.00,I,9999.9, 0,999.9,,999.9, 0,  83.1,22
99495199999,"SEBASTIAN INLET STATE PARK, FL US",27.862,-80.445,10.0,2023-08-05,9999.9, 0,000000,,999.9,,  84.4,*,  83.5,*,999.9,, 0.00,I,9999.9, 0,999.9,,999.9, 0,  83.7, 5
99495199999,"SEBASTIAN INLET STATE PARK, FL US",27.862,-80.445,10.0,2023-08-11,9999.9, 0,000000,,999.9,,  85.6,*,  84.4,*,999.9,, 0.00,I,9999.9, 0,999.9,,999.9, 0,  84.9, 9
99495199999,"SEBASTIAN INLET STATE PARK, FL US",27.862,-80.445,10.0,2023-08-12,9999.9, 0,000000,,999.9,,  85.8,*,  81.1,*,999.9,, 0.00,I,9999.9, 0,999.9,,999.9, 0,  84.5,24
99495199999,"SEBASTIAN INLET STATE PARK, FL US",27.862,-80.445,10.0,2023-08-13,9999.9, 0,000000,,999.9,,  86.4,*,  81.7,*,999.9,, 0.00,I,9999.9, 0,999.9,,999.9, 0,  83.4,24
99495199999,"SEBASTIAN INLET STATE PARK, FL US",27.862,-80.445,10.0,2023-08-14,9999.9, 0,000000,,999.9,,  86.2,*,  78.4,*,999.9,, 0.00,I,9999.9, 0,999.9,,999.9, 0,  81.9,24
99495199999,"SEBASTIAN INLET STATE PARK, FL US",27.862,-80.445,10.0,2023-08-15,9999.9, 0,000000,,999.9,,  85.5,*,  77.7,*,999.9,, 0.00,I,9999.9, 0,999.9,,999.9, 0,  81.6,24
99495199999,"SEBASTIAN INLET STATE PARK, FL US",27.862,-80.445,10.0,2023-08-16,9999.9, 0,000000,,999.9,,  83.7,*,  76.8,*,999.9,, 0.00,I,9999.9, 0,999.9,,999.9, 0,  81.2,24
99495199999,"SEBASTIAN INLET STATE PARK, FL US",27.862,-80.445,10.0,2023-08-17,9999.9, 0,000000,,999.9,,  85.1,*,  75.0,*,999.9,, 0.00,I,9999.9, 0,999.9,,999.9, 0,  78.4,15
99495199999,"SEBASTIAN INLET STATE PARK, FL US",27.862,-80.445,10.0,2023-08-21,9999.9, 0,000000,,999.9,,  82.8,*,  82.6,*,999.9,, 0.00,I,9999.9, 0,999.9,,999.9, 0,  82.7, 9
99495199999,"SEBASTIAN INLET STATE PARK, FL US",27.862,-80.445,10.0,2023-08-22,9999.9, 0,000000,,999.9,,  82.9,*,  80.2,*,999.9,, 0.00,I,9999.9, 0,999.9,,999.9, 0,  81.8,24
99495199999,"SEBASTIAN INLET STATE PARK, FL US",27.862,-80.445,10.0,2023-08-23,9999.9, 0,000000,,999.9,,  82.6,*,  80.8,*,999.9,, 0.00,I,9999.9, 0,999.9,,999.9, 0,  82.0,24
99495199999,"SEBASTIAN INLET STATE PARK, FL US",27.862,-80.445,10.0,2023-08-24,9999.9, 0,000000,,999.9,,  83.5,*,  81.3,*,999.9,, 0.00,I,9999.9, 0,999.9,,999.9, 0,  82.4,21
99495199999,"SEBASTIAN INLET STATE PARK, FL US",27.862,-80.445,10.0,2023-08-25,9999.9, 0,000000,,999.9,,  82.9,*,  82.0,*,999.9,, 0.00,I,9999.9, 0,999.9,,999.9, 0,  82.6,23
99495199999,"SEBASTIAN INLET STATE PARK, FL US",27.862,-80.445,10.0,2023-08-26,9999.9, 0,000000,,999.9,,  82.9,*,  81.1,*,999.9,, 0.00,I,9999.9, 0,999.9,,999.9, 0,  82.0,24
99495199999,"SEBASTIAN INLET STATE PARK, FL US",27.862,-80.445,10.0,2023-08-27,9999.9, 0,000000,,999.9,,  84.6,*,  79.9,*,999.9,, 0.00,I,9999.9, 0,999.9,,999.9, 0,  82.6,23
99495199999,"SEBASTIAN INLET STATE PARK, FL US",27.862,-80.445,10.0,2023-08-28,9999.9, 0,000000,,999.9,,  87.3,*,  81.9,*,999.9,, 0.00,I,9999.9, 0,999.9,,999.9, 0,  83.7,24
99495199999,"SEBASTIAN INLET STATE PARK, FL US",27.862,-80.445,10.0,2023-08-29,9999.9, 0,000000,,999.9,,  85.1,*,  76.8,*,999.9,, 0.00,I,9999.9, 0,999.9,,999.9, 0,  82.1,24
99495199999,"SEBASTIAN INLET STATE PARK, FL US",27.862,-80.445,10.0,2023-08-30,9999.9, 0,000000,,999.9,,  90.0,*,  79.3,*,999.9,, 0.00,I,9999.9, 0,999.9,,999.9, 0,  83.5,24
99495199999,"SEBASTIAN INLET STATE PARK, FL US",27.862,-80.445,10.0,2023-08-31,9999.9, 0,000000,,999.9,,  86.7,*,  74.8,*,999.9,, 0.00,I,9999.9, 0,999.9,,999.9, 0,  80.7,22
99495199999,"SEBASTIAN INLET STATE PARK, FL US",27.862,-80.445,10.0,2023-09-01,9999.9, 0,000000,,999.9,,  83.3,*,  79.0,*,999.9,, 0.00,I,9999.9, 0,999.9,,999.9, 0,  80.9,24
99495199999,"SEBASTIAN INLET STATE PARK, FL US",27.862,-80.445,10.0,2023-09-02,9999.9, 0,000000,,999.9,,  83.1,*,  81.5,*,999.9,, 0.00,I,9999.9, 0,999.9,,999.9, 0,  82.3,24
99495199999,"SEBASTIAN INLET STATE PARK, FL US",27.862,-80.445,10.0,2023-09-03,9999.9, 0,000000,,999.9,,  82.2,*,  79.2,*,999.9,, 0.00,I,9999.9, 0,999.9,,999.9, 0,  81.1,24
99495199999,"SEBASTIAN INLET STATE PARK, FL US",27.862,-80.445,10.0,2023-09-04,9999.9, 0,000000,,999.9,,  82.0,*,  81.1,*,999.9,, 0.00,I,9999.9, 0,999.9,,999.9, 0,  81.5,24
99495199999,"SEBASTIAN INLET STATE PARK, FL US",27.862,-80.445,10.0,2023-09-05,9999.9, 0,000000,,999.9,,  82.6,*,  77.4,*,999.9,, 0.00,I,9999.9, 0,999.9,,999.9, 0,  81.0,24
99495199999,"SEBASTIAN INLET STATE PARK, FL US",27.862,-80.445,10.0,2023-09-06,9999.9, 0,000000,,999.9,,  83.8,*,  77.7,*,999.9,, 0.00,I,9999.9, 0,999.9,,999.9, 0,  81.5,24
99495199999,"SEBASTIAN INLET STATE PARK, FL US",27.862,-80.445,10.0,2023-09-07,9999.9, 0,000000,,999.9,,  84.2,*,  75.7,*,999.9,, 0.00,I,9999.9, 0,999.9,,999.9, 0,  81.0,20
99495199999,"SEBASTIAN INLET STATE PARK, FL US",27.862,-80.445,10.0,2023-09-08,9999.9, 0,000000,,999.9,,  83.7,*,  71.4,*,999.9,, 0.00,I,9999.9, 0,999.9,,999.9, 0,  79.8,23
99495199999,"SEBASTIAN INLET STATE PARK, FL US",27.862,-80.445,10.0,2023-09-09,9999.9, 0,000000,,999.9,,  82.9,*,  72.3,*,999.9,, 0.00,I,9999.9, 0,999.9,,999.9, 0,  78.3,24
99495199999,"SEBASTIAN INLET STATE PARK, FL US",27.862,-80.445,10.0,2023-09-10,9999.9, 0,000000,,999.9,,  83.8,*,  77.5,*,999.9,, 0.00,I,9999.9, 0,999.9,,999.9, 0,  81.3,24
99495199999,"SEBASTIAN INLET STATE PARK, FL US",27.862,-80.445,10.0,2023-09-11,9999.9, 0,000000,,999.9,,  84.0,*,  79.7,*,999.9,, 0.00,I,9999.9, 0,999.9,,999.9, 0,  82.7,24
99495199999,"SEBASTIAN INLET STATE PARK, FL US",27.862,-80.445,10.0,2023-09-12,9999.9, 0,000000,,999.9,,  84.2,*,  80.8,*,999.9,, 0.00,I,9999.9, 0,999.9,,999.9, 0,  83.0,24
99495199999,"SEBASTIAN INLET STATE PARK, FL US",27.862,-80.445,10.0,2023-09-13,9999.9, 0,000000,,999.9,,  83.8,*,  79.7,*,999.9,, 0.00,I,9999.9, 0,999.9,,999.9, 0,  82.6,24
99495199999,"SEBASTIAN INLET STATE PARK, FL US",27.862,-80.445,10.0,2023-09-14,9999.9, 0,000000,,999.9,,  83.5,*,  78.6,*,999.9,, 0.00,I,9999.9, 0,999.9,,999.9, 0,  82.3,20
99495199999,"SEBASTIAN INLET STATE PARK, FL US",27.862,-80.445,10.0,2023-09-15,9999.9, 0,000000,,999.9,,  84.6,*,  79.3,*,999.9,, 0.00,I,9999.9, 0,999.9,,999.9, 0,  82.5,24
99495199999,"SEBASTIAN INLET STATE PARK, FL US",27.862,-80.445,10.0,2023-09-16,9999.9, 0,000000,,999.9,,  83.8,*,  78.1,*,999.9,, 0.00,I,9999.9, 0,999.9,,999.9, 0,  81.2,24
99495199999,"SEBASTIAN INLET STATE PARK, FL US",27.862,-80.445,10.0,2023-09-17,9999.9, 0,000000,,999.9,,  88.5,*,  79.7,*,999.9,, 0.00,I,9999.9, 0,999.9,,999.9, 0,  82.9,24
99495199999,"SEBASTIAN INLET STATE PARK, FL US",27.862,-80.445,10.0,2023-09-18,9999.9, 0,000000,,999.9,,  83.3,*,  78.1,*,999.9,, 0.00,I,9999.9, 0,999.9,,999.9, 0,  81.0,24
99495199999,"SEBASTIAN INLET STATE PARK, FL US",27.862,-80.445,10.0,2023-09-19,9999.9, 0,000000,,999.9,,  82.8,*,  81.9,*,999.9,, 0.00,I,9999.9, 0,999.9,,999.9, 0,  82.4,14
99495199999,"SEBASTIAN INLET STATE PARK, FL US",27.862,-80.445,10.0,2023-09-20,9999.9, 0,000000,,999.9,,  83.3,*,  75.9,*,999.9,, 0.00,I,9999.9, 0,999.9,,999.9, 0,  80.8,22
99495199999,"SEBASTIAN INLET STATE PARK, FL US",27.862,-80.445,10.0,2023-09-21,9999.9, 0,000000,,999.9,,  81.0,*,  73.9,*,999.9,, 0.00,I,9999.9, 0,999.9,,999.9, 0,  78.0,18
99495199999,"SEBASTIAN INLET STATE PARK, FL US",27.862,-80.445,10.0,2023-09-22,9999.9, 0,000000,,999.9,,  81.1,*,  77.7,*,999.9,, 0.00,I,9999.9, 0,999.9,,999.9, 0,  79.9,19
99495199999,"SEBASTIAN INLET STATE PARK, FL US",27.862,-80.445,10.0,2023-09-23,9999.9, 0,000000,,999.9,,  79.5,*,  73.6,*,999.9,, 0.00,I,9999.9, 0,999.9,,999.9, 0,  78.1,19
99495199999,"SEBASTIAN INLET STATE PARK, FL US",27.862,-80.445,10.0,2023-09-27,9999.9, 0,000000,,999.9,,  83.1,*,  77.2,*,999.9,, 0.00,I,9999.9, 0,999.9,,999.9, 0,  79.2,23
99495199999,"SEBASTIAN INLET STATE PARK, FL US",27.862,-80.445,10.0,2023-09-28,9999.9, 0,000000,,999.9,,  81.9,*,  76.3,*,999.9,, 0.00,I,9999.9, 0,999.9,,999.9, 0,  79.0,20
99495199999,"SEBASTIAN INLET STATE PARK, FL US",27.862,-80.445,10.0,2023-09-29,9999.9, 0,000000,,999.9,,  82.4,*,  76.5,*,999.9,, 0.00,I,9999.9, 0,999.9,,999.9, 0,  80.5, 8
99495199999,"SEBASTIAN INLET STATE PARK, FL US",27.862,-80.445,10.0,2023-09-30,9999.9, 0,000000,,999.9,,  82.4,*,  77.7,*,999.9,, 0.00,I,9999.9, 0,999.9,,999.9, 0,  80.4,24
99495199999,"SEBASTIAN INLET STATE PARK, FL US",27.862,-80.445,10.0,2023-10-01,9999.9, 0,000000,,999.9,,  82.6,*,  75.4,*,999.9,, 0.00,I,9999.9, 0,999.9,,999.9, 0,  79.8,24
99495199999,"SEBASTIAN INLET STATE PARK, FL US",27.862,-80.445,10.0,2023-10-02,9999.9, 0,000000,,999.9,,  81.9,*,  77.5,*,999.9,, 0.00,I,9999.9, 0,999.9,,999.9, 0,  81.0,24
99495199999,"SEBASTIAN INLET STATE PARK, FL US",27.862,-80.445,10.0,2023-10-03,9999.9, 0,000000,,999.9,,  81.1,*,  75.9,*,999.9,, 0.00,I,9999.9, 0,999.9,,999.9, 0,  80.0,23
99495199999,"SEBASTIAN INLET STATE PARK, FL US",27.862,-80.445,10.0,2023-10-04,9999.9, 0,000000,,999.9,,  80.6,*,  74.1,*,999.9,, 0.00,I,9999.9, 0,999.9,,999.9, 0,  79.1,23
99495199999,"SEBASTIAN INLET STATE PARK, FL US",27.862,-80.445,10.0,2023-10-05,9999.9, 0,000000,,999.9,,  82.0,*,  79.0,*,999.9,, 0.00,I,9999.9, 0,999.9,,999.9, 0,  80.6,19
99495199999,"SEBASTIAN INLET STATE PARK, FL US",27.862,-80.445,10.0,2023-10-06,9999.9, 0,000000,,999.9,,  81.3,*,  77.5,*,999.9,, 0.00,I,9999.9, 0,999.9,,999.9, 0,  80.4,24
99495199999,"SEBASTIAN INLET STATE PARK, FL US",27.862,-80.445,10.0,2023-10-07,9999.9, 0,000000,,999.9,,  81.0,*,  74.7,*,999.9,, 0.00,I,9999.9, 0,999.9,,999.9, 0,  79.1,24
99495199999,"SEBASTIAN INLET STATE PARK, FL US",27.862,-80.445,10.0,2023-10-08,9999.9, 0,000000,,999.9,,  79.3,*,  75.2,*,999.9,, 0.00,I,9999.9, 0,999.9,,999.9, 0,  76.9,24
99495199999,"SEBASTIAN INLET STATE PARK, FL US",27.862,-80.445,10.0,2023-10-09,9999.9, 0,000000,,999.9,,  78.3,*,  74.7,*,999.9,, 0.00,I,9999.9, 0,999.9,,999.9, 0,  76.0,23
99495199999,"SEBASTIAN INLET STATE PARK, FL US",27.862,-80.445,10.0,2023-10-10,9999.9, 0,000000,,999.9,,  79.3,*,  77.9,*,999.9,, 0.00,I,9999.9, 0,999.9,,999.9, 0,  78.5,21
99495199999,"SEBASTIAN INLET STATE PARK, FL US",27.862,-80.445,10.0,2023-10-11,9999.9, 0,000000,,999.9,,  81.7,*,  79.2,*,999.9,, 0.00,I,9999.9, 0,999.9,,999.9, 0,  80.5,24
99495199999,"SEBASTIAN INLET STATE PARK, FL US",27.862,-80.445,10.0,2023-10-12,9999.9, 0,000000,,999.9,,  89.2,*,  78.3,*,999.9,, 0.00,I,9999.9, 0,999.9,,999.9, 0,  82.5,23
99495199999,"SEBASTIAN INLET STATE PARK, FL US",27.862,-80.445,10.0,2023-10-13,9999.9, 0,000000,,999.9,,  84.6,*,  78.6,*,999.9,, 0.00,I,9999.9, 0,999.9,,999.9, 0,  80.7,24
99495199999,"SEBASTIAN INLET STATE PARK, FL US",27.862,-80.445,10.0,2023-10-14,9999.9, 0,000000,,999.9,,  83.3,*,  76.1,*,999.9,, 0.00,I,9999.9, 0,999.9,,999.9, 0,  79.5,24
99495199999,"SEBASTIAN INLET STATE PARK, FL US",27.862,-80.445,10.0,2023-10-15,9999.9, 0,000000,,999.9,,  80.4,*,  70.9,*,999.9,, 0.00,I,9999.9, 0,999.9,,999.9, 0,  75.8,24
99495199999,"SEBASTIAN INLET STATE PARK, FL US",27.862,-80.445,10.0,2023-10-16,9999.9, 0,000000,,999.9,,  75.9,*,  64.4,*,999.9,, 0.00,I,9999.9, 0,999.9,,999.9, 0,  68.0,24
99495199999,"SEBASTIAN INLET STATE PARK, FL US",27.862,-80.445,10.0,2023-10-17,9999.9, 0,000000,,999.9,,  67.6,*,  58.6,*,999.9,, 0.00,I,9999.9, 0,999.9,,999.9, 0,  63.7,20
99495199999,"SEBASTIAN INLET STATE PARK, FL US",27.862,-80.445,10.0,2023-10-18,9999.9, 0,000000,,999.9,,  75.6,*,  62.2,*,999.9,, 0.00,I,9999.9, 0,999.9,,999.9, 0,  68.3,24
99495199999,"SEBASTIAN INLET STATE PARK, FL US",27.862,-80.445,10.0,2023-10-19,9999.9, 0,000000,,999.9,,  75.9,*,  75.2,*,999.9,, 0.00,I,9999.9, 0,999.9,,999.9, 0,  75.5,18
99495199999,"SEBASTIAN INLET STATE PARK, FL US",27.862,-80.445,10.0,2023-10-20,9999.9, 0,000000,,999.9,,  79.9,*,  69.1,*,999.9,, 0.00,I,9999.9, 0,999.9,,999.9, 0,  73.9,24
99495199999,"SEBASTIAN INLET STATE PARK, FL US",27.862,-80.445,10.0,2023-10-21,9999.9, 0,000000,,999.9,,  82.4,*,  68.9,*,999.9,, 0.00,I,9999.9, 0,999.9,,999.9, 0,  74.1,24
99495199999,"SEBASTIAN INLET STATE PARK, FL US",27.862,-80.445,10.0,2023-10-22,9999.9, 0,000000,,999.9,,  78.3,*,  66.6,*,999.9,, 0.00,I,9999.9, 0,999.9,,999.9, 0,  73.5,24
99495199999,"SEBASTIAN INLET STATE PARK, FL US",27.862,-80.445,10.0,2023-10-23,9999.9, 0,000000,,999.9,,  78.6,*,  68.0,*,999.9,, 0.00,I,9999.9, 0,999.9,,999.9, 0,  73.3,24
99495199999,"SEBASTIAN INLET STATE PARK, FL US",27.862,-80.445,10.0,2023-10-24,9999.9, 0,000000,,999.9,,  78.3,*,  76.1,*,999.9,, 0.00,I,9999.9, 0,999.9,,999.9, 0,  77.4,24
99495199999,"SEBASTIAN INLET STATE PARK, FL US",27.862,-80.445,10.0,2023-10-25,9999.9, 0,000000,,999.9,,  78.8,*,  75.2,*,999.9,, 0.00,I,9999.9, 0,999.9,,999.9, 0,  77.1,24
99495199999,"SEBASTIAN INLET STATE PARK, FL US",27.862,-80.445,10.0,2023-10-26,9999.9, 0,000000,,999.9,,  78.8,*,  75.9,*,999.9,, 0.00,I,9999.9, 0,999.9,,999.9, 0,  77.6,24
99495199999,"SEBASTIAN INLET STATE PARK, FL US",27.862,-80.445,10.0,2023-10-27,9999.9, 0,000000,,999.9,,  78.4,*,  77.7,*,999.9,, 0.00,I,9999.9, 0,999.9,,999.9, 0,  78.1,24
99495199999,"SEBASTIAN INLET STATE PARK, FL US",27.862,-80.445,10.0,2023-10-28,9999.9, 0,000000,,999.9,,  78.3,*,  77.5,*,999.9,, 0.00,I,9999.9, 0,999.9,,999.9, 0,  77.8,24
99495199999,"SEBASTIAN INLET STATE PARK, FL US",27.862,-80.445,10.0,2023-10-29,9999.9, 0,000000,,999.9,,  78.6,*,  77.5,*,999.9,, 0.00,I,9999.9, 0,999.9,,999.9, 0,  78.0,24
99495199999,"SEBASTIAN INLET STATE PARK, FL US",27.862,-80.445,10.0,2023-10-30,9999.9, 0,000000,,999.9,,  78.4,*,  77.5,*,999.9,, 0.00,I,9999.9, 0,999.9,,999.9, 0,  78.0,24
99495199999,"SEBASTIAN INLET STATE PARK, FL US",27.862,-80.445,10.0,2023-10-31,9999.9, 0,000000,,999.9,,  77.9,*,  73.0,*,999.9,, 0.00,I,9999.9, 0,999.9,,999.9, 0,  76.6,18
99495199999,"SEBASTIAN INLET STATE PARK, FL US",27.862,-80.445,10.0,2023-11-03,9999.9, 0,000000,,999.9,,  75.6,*,  74.8,*,999.9,, 0.00,I,9999.9, 0,999.9,,999.9, 0,  75.4, 8
99495199999,"SEBASTIAN INLET STATE PARK, FL US",27.862,-80.445,10.0,2023-11-04,9999.9, 0,000000,,999.9,,  75.7,*,  67.6,*,999.9,, 0.00,I,9999.9, 0,999.9,,999.9, 0,  72.6,24
99495199999,"SEBASTIAN INLET STATE PARK, FL US",27.862,-80.445,10.0,2023-11-05,9999.9, 0,000000,,999.9,,  72.7,*,  68.0,*,999.9,, 0.00,I,9999.9, 0,999.9,,999.9, 0,  71.2,24
99495199999,"SEBASTIAN INLET STATE PARK, FL US",27.862,-80.445,10.0,2023-11-06,9999.9, 0,000000,,999.9,,  74.7,*,  63.5,*,999.9,, 0.00,I,9999.9, 0,999.9,,999.9, 0,  68.6,19
99495199999,"SEBASTIAN INLET STATE PARK, FL US",27.862,-80.445,10.0,2023-11-07,9999.9, 0,000000,,999.9,,  74.1,*,  71.8,*,999.9,, 0.00,I,9999.9, 0,999.9,,999.9, 0,  73.3,12
99495199999,"SEBASTIAN INLET STATE PARK, FL US",27.862,-80.445,10.0,2023-11-08,9999.9, 0,000000,,999.9,,  74.5,*,  71.1,*,999.9,, 0.00,I,9999.9, 0,999.9,,999.9, 0,  73.2,24
99495199999,"SEBASTIAN INLET STATE PARK, FL US",27.862,-80.445,10.0,2023-11-09,9999.9, 0,000000,,999.9,,  75.9,*,  71.2,*,999.9,, 0.00,I,9999.9, 0,999.9,,999.9, 0,  74.3,24
99495199999,"SEBASTIAN INLET STATE PARK, FL US",27.862,-80.445,10.0,2023-11-10,9999.9, 0,000000,,999.9,,  78.1,*,  73.6,*,999.9,, 0.00,I,9999.9, 0,999.9,,999.9, 0,  75.9,24
99495199999,"SEBASTIAN INLET STATE PARK, FL US",27.862,-80.445,10.0,2023-11-11,9999.9, 0,000000,,999.9,,  78.4,*,  74.8,*,999.9,, 0.00,I,9999.9, 0,999.9,,999.9, 0,  76.8,24
99495199999,"SEBASTIAN INLET STATE PARK, FL US",27.862,-80.445,10.0,2023-11-12,9999.9, 0,000000,,999.9,,  79.0,*,  73.6,*,999.9,, 0.00,I,9999.9, 0,999.9,,999.9, 0,  75.9,24
99495199999,"SEBASTIAN INLET STATE PARK, FL US",27.862,-80.445,10.0,2023-11-13,9999.9, 0,000000,,999.9,,  77.2,*,  72.7,*, 15.0,, 0.00,I,1017.6, 9,999.9,,999.9, 0,  74.9,24
99495199999,"SEBASTIAN INLET STATE PARK, FL US",27.862,-80.445,10.0,2023-11-14,9999.9, 0,000000,,999.9,,  77.5,*,  72.9,*, 22.9,, 0.00,I,1017.2,23,999.9,,999.9, 0,  76.1,23
99495199999,"SEBASTIAN INLET STATE PARK, FL US",27.862,-80.445,10.0,2023-11-15,9999.9, 0,000000,,999.9,,  76.6,*,  72.7,*, 25.1,, 0.00,I,1017.0,24,999.9,,999.9, 0,  75.4,24
99495199999,"SEBASTIAN INLET STATE PARK, FL US",27.862,-80.445,10.0,2023-11-16,9999.9, 0,000000,,999.9,,  76.5,*,  71.4,*, 31.1,, 0.00,I,1013.4,11,999.9,,999.9, 0,  73.7,11
99495199999,"SEBASTIAN INLET STATE PARK, FL US",27.862,-80.445,10.0,2023-11-17,9999.9, 0,000000,,999.9,,  78.3,*,  69.6,*, 28.9,, 0.00,I,1006.0,24,999.9,,999.9, 0,  74.1,24
99495199999,"SEBASTIAN INLET STATE PARK, FL US",27.862,-80.445,10.0,2023-11-18,9999.9, 0,000000,,999.9,,  74.5,*,  68.7,*, 22.0,, 0.00,I,1005.6,24,999.9,,999.9, 0,  71.1,24
99495199999,"SEBASTIAN INLET STATE PARK, FL US",27.862,-80.445,10.0,2023-11-19,9999.9, 0,000000,,999.9,,  73.6,*,  66.9,*, 22.9,, 0.00,I,1009.0,24,999.9,,999.9, 0,  70.5,24
99495199999,"SEBASTIAN INLET STATE PARK, FL US",27.862,-80.445,10.0,2023-11-20,9999.9, 0,000000,,999.9,,  74.7,*,  69.6,*, 13.0,, 0.00,I,1013.7,24,999.9,,999.9, 0,  72.7,24
99495199999,"SEBASTIAN INLET STATE PARK, FL US",27.862,-80.445,10.0,2023-11-21,9999.9, 0,000000,,999.9,,  76.3,*,  70.9,*, 19.0,, 0.00,I,1016.5,18,999.9,,999.9, 0,  74.8,18
99495199999,"SEBASTIAN INLET STATE PARK, FL US",27.862,-80.445,10.0,2023-12-05,9999.9, 0,000000,,999.9,,  75.0,*,  62.8,*, 12.0,, 0.00,I,1016.6,24,999.9,,999.9, 0,  68.6,24
99495199999,"SEBASTIAN INLET STATE PARK, FL US",27.862,-80.445,10.0,2023-12-06,9999.9, 0,000000,,999.9,,  68.0,*,  57.2,*, 22.0,, 0.00,I,1017.4,24,999.9,,999.9, 0,  61.2,24
99495199999,"SEBASTIAN INLET STATE PARK, FL US",27.862,-80.445,10.0,2023-12-07,9999.9, 0,000000,,999.9,,  65.8,*,  53.6,*, 22.0,, 0.00,I,1020.5,23,999.9,,999.9, 0,  60.9,23
99495199999,"SEBASTIAN INLET STATE PARK, FL US",27.862,-80.445,10.0,2023-12-08,9999.9, 0,000000,,999.9,,  72.0,*,  65.8,*, 15.0,, 0.00,I,1020.3,24,999.9,,999.9, 0,  69.1,24
99495199999,"SEBASTIAN INLET STATE PARK, FL US",27.862,-80.445,10.0,2023-12-09,9999.9, 0,000000,,999.9,,  73.0,*,  69.6,*, 12.0,, 0.00,I,1020.0,24,999.9,,999.9, 0,  71.8,24
99495199999,"SEBASTIAN INLET STATE PARK, FL US",27.862,-80.445,10.0,2023-12-10,9999.9, 0,000000,,999.9,,  79.5,*,  70.2,*, 15.9,, 0.00,I,1015.8,24,999.9,,999.9, 0,  73.7,24
99495199999,"SEBASTIAN INLET STATE PARK, FL US",27.862,-80.445,10.0,2023-12-11,9999.9, 0,000000,,999.9,,  75.2,*,  56.7,*, 22.9,, 0.00,I,1014.5,24,999.9,,999.9, 0,  63.1,24
99495199999,"SEBASTIAN INLET STATE PARK, FL US",27.862,-80.445,10.0,2023-12-12,9999.9, 0,000000,,999.9,,  71.6,*,  57.0,*, 22.0,, 0.00,I,1022.0,24,999.9,,999.9, 0,  64.3,24
99495199999,"SEBASTIAN INLET STATE PARK, FL US",27.862,-80.445,10.0,2023-12-13,9999.9, 0,000000,,999.9,,  72.3,*,  71.1,*, 19.0,, 0.00,I,1024.1,24,999.9,,999.9, 0,  71.8,24
99495199999,"SEBASTIAN INLET STATE PARK, FL US",27.862,-80.445,10.0,2023-12-14,9999.9, 0,000000,,999.9,,  72.5,*,  70.5,*, 26.0,, 0.00,I,1024.3,24,999.9,,999.9, 0,  71.2,24
99495199999,"SEBASTIAN INLET STATE PARK, FL US",27.862,-80.445,10.0,2023-12-15,9999.9, 0,000000,,999.9,,  70.9,*,  69.3,*, 26.0,, 0.00,I,1023.0,24,999.9,,999.9, 0,  70.0,24
99495199999,"SEBASTIAN INLET STATE PARK, FL US",27.862,-80.445,10.0,2023-12-16,9999.9, 0,000000,,999.9,,  71.2,*,  68.4,*, 25.1,, 0.00,I,1017.7,24,999.9,,999.9, 0,  70.0,24
99495199999,"SEBASTIAN INLET STATE PARK, FL US",27.862,-80.445,10.0,2023-12-17,9999.9, 0,000000,,999.9,,  74.7,*,  66.2,*, 29.9,, 0.00,I,1002.8,24,999.9,,999.9, 0,  70.6,24
99495199999,"SEBASTIAN INLET STATE PARK, FL US",27.862,-80.445,10.0,2023-12-18,9999.9, 0,000000,,999.9,,  67.5,*,  57.4,*, 14.0,, 0.00,I,1008.8,24,999.9,,999.9, 0,  62.1,24
99495199999,"SEBASTIAN INLET STATE PARK, FL US",27.862,-80.445,10.0,2023-12-19,9999.9, 0,000000,,999.9,,  62.1,*,  52.3,*, 26.0,, 0.00,I,1016.7,24,999.9,,999.9, 0,  57.4,24
99495199999,"SEBASTIAN INLET STATE PARK, FL US",27.862,-80.445,10.0,2023-12-20,9999.9, 0,000000,,999.9,,  67.5,*,  57.6,*, 24.1,, 0.00,I,1022.7,24,999.9,,999.9, 0,  64.7,24
99495199999,"SEBASTIAN INLET STATE PARK, FL US",27.862,-80.445,10.0,2023-12-21,9999.9, 0,000000,,999.9,,  67.8,*,  67.1,*, 15.9,, 0.00,I,1023.8, 6,999.9,,999.9, 0,  67.6, 6
99495199999,"SEBASTIAN INLET STATE PARK, FL US",27.862,-80.445,10.0,2023-12-24,9999.9, 0,000000,,999.9,,  70.0,*,  67.5,*, 18.1,, 0.00,I,1019.7,24,999.9,,999.9, 0,  69.2,24
99495199999,"SEBASTIAN INLET STATE PARK, FL US",27.862,-80.445,10.0,2023-12-25,9999.9, 0,000000,,999.9,,  70.7,*,  67.6,*, 17.1,, 0.00,I,1016.0,24,999.9,,999.9, 0,  69.5,24
99495199999,"SEBASTIAN INLET STATE PARK, FL US",27.862,-80.445,10.0,2023-12-26,9999.9, 0,000000,,999.9,,  71.8,*,  69.1,*,  9.9,, 0.00,I,1012.3,15,999.9,,999.9, 0,  70.8,15
99495199999,"SEBASTIAN INLET STATE PARK, FL US",27.862,-80.445,10.0,2023-12-27,9999.9, 0,000000,,999.9,,  68.4,*,  67.5,*,  6.0,, 0.00,I,1011.3, 6,999.9,,999.9, 0,  67.7, 6
99495199999,"SEBASTIAN INLET STATE PARK, FL US",27.862,-80.445,10.0,2023-12-28,9999.9, 0,000000,,999.9,,  66.7,*,  58.5,*, 14.0,, 0.00,I,1012.3,16,999.9,,999.9, 0,  63.3,16
99495199999,"SEBASTIAN INLET STATE PARK, FL US",27.862,-80.445,10.0,2023-12-29,9999.9, 0,000000,,999.9,,  62.8,*,  57.9,*, 15.0,, 0.00,I,1013.8,24,999.9,,999.9, 0,  60.0,24
99495199999,"SEBASTIAN INLET STATE PARK, FL US",27.862,-80.445,10.0,2023-12-30,9999.9, 0,000000,,999.9,,  58.3,*,  51.8,*,  8.0,, 0.00,I,1018.2,14,999.9,,999.9, 0,  54.3,14
